<?xpacket begin="﻿" id="W5M0MpCehiHzreSzNTczkc9d"?>
<x:xmpmeta xmlns:x="adobe:ns:meta/" x:xmptk="Adobe XMP Core 7.1-c000 1.000000, 0000/00/00-00:00:00        ">
 <rdf:RDF xmlns:rdf="http://www.w3.org/1999/02/22-rdf-syntax-ns#">
  <rdf:Description rdf:about=""
    xmlns:xmp="http://ns.adobe.com/xap/1.0/"
    xmlns:dc="http://purl.org/dc/elements/1.1/"
    xmlns:xmpMM="http://ns.adobe.com/xap/1.0/mm/"
    xmlns:stEvt="http://ns.adobe.com/xap/1.0/sType/ResourceEvent#"
   xmp:CreatorTool="xctest"
   xmp:CreateDate="2020-05-18T23:45:03.645+06:00"
   xmp:ModifyDate="2023-02-12T23:25:04.583+02:00"
   xmp:MetadataDate="2023-02-12T23:25:04.583+02:00"
   dc:format="application/vnd.adobe.sparkler.project+dcx"
   xmpMM:DocumentID="9e077c7c-4227-4883-85d4-7afa53bb86f3"
   xmpMM:OriginalDocumentID="9e077c7c-4227-4883-85d4-7afa53bb86f3"
   xmpMM:InstanceID="9c4beabc-08eb-47db-b658-e12326bb65ef">
   <dc:title>
    <rdf:Alt>
     <rdf:li xml:lang="x-default">Untitled-1</rdf:li>
    </rdf:Alt>
   </dc:title>
   <xmpMM:History>
    <rdf:Seq>
     <rdf:li
      stEvt:action="created"
      stEvt:instanceID="9e077c7c-4227-4883-85d4-7afa53bb86f3"
      stEvt:when="2020-05-18T23:45:03.645+06:00"
      stEvt:softwareAgent="xctest"/>
     <rdf:li
      stEvt:action="saved"
      stEvt:instanceID="9c4beabc-08eb-47db-b658-e12326bb65ef"
      stEvt:when="2023-02-12T23:25:04.583+02:00"
      stEvt:softwareAgent="xctest"/>
    </rdf:Seq>
   </xmpMM:History>
  </rdf:Description>
 </rdf:RDF>
</x:xmpmeta>
                                                                                                    
                                                                                                    
                                                                                                    
                                                                                                    
                                                                                                    
                                                                                                    
                                                                                                    
                                                                                                    
                                                                                                    
                                                                                                    
                                                                                                    
                                                                                                    
                                                                                                    
                                                                                                    
                                                                                                    
                                                                                                    
                                                                                                    
                                                                                                    
                                                                                                    
                                                                                                    
                           
<?xpacket end="w"?>